contest_id,contest_link,contest_name
1236,https://codeforces.com/contest/1236/status,Codeforces Round #593 (Div. 2)
1238,https://codeforces.com/contest/1238/status,Educational Codeforces Round 74 (Rated for Div. 2)
1241,https://codeforces.com/contest/1241/status,"Codeforces Round #591 (Div. 2, based on Technocup 2020 Elimination Round 1)"
1243,https://codeforces.com/contest/1243/status,Codeforces Round #599 (Div. 2)
1244,https://codeforces.com/contest/1244/status,Codeforces Round #592 (Div. 2)
1245,https://codeforces.com/contest/1245/status,Codeforces Round #597 (Div. 2)
1247,https://codeforces.com/contest/1247/status,"Codeforces Round #596 (Div. 2, based on Technocup 2020 Elimination Round 2)"
1248,https://codeforces.com/contest/1248/status,Codeforces Round #594 (Div. 2)
1249,https://codeforces.com/contest/1249/status,Codeforces Round #595 (Div. 3)
1251,https://codeforces.com/contest/1251/status,Educational Codeforces Round 75 (Rated for Div. 2)
1253,https://codeforces.com/contest/1253/status,Codeforces Round #600 (Div. 2)
1255,https://codeforces.com/contest/1255/status,Codeforces Round #601 (Div. 2)
1256,https://codeforces.com/contest/1256/status,Codeforces Round #598 (Div. 3)
1257,https://codeforces.com/contest/1257/status,Educational Codeforces Round 76 (Rated for Div. 2)
1260,https://codeforces.com/contest/1260/status,Educational Codeforces Round 77 (Rated for Div. 2)
1262,https://codeforces.com/contest/1262/status,"Codeforces Round #602 (Div. 2, based on Technocup 2020 Elimination Round 3)"
1263,https://codeforces.com/contest/1263/status,Codeforces Round #603 (Div. 2)
1265,https://codeforces.com/contest/1265/status,Codeforces Round #604 (Div. 2)
1269,https://codeforces.com/contest/1269/status,Codeforces Round #609 (Div. 2)
1271,https://codeforces.com/contest/1271/status,Codeforces Round #608 (Div. 2)
1272,https://codeforces.com/contest/1272/status,Codeforces Round #605 (Div. 3)
1277,https://codeforces.com/contest/1277/status,"Codeforces Round #606 (Div. 2, based on Technocup 2020 Elimination Round 4)"
1278,https://codeforces.com/contest/1278/status,Educational Codeforces Round 78 (Rated for Div. 2)
1279,https://codeforces.com/contest/1279/status,Educational Codeforces Round 79 (Rated for Div. 2)
1281,https://codeforces.com/contest/1281/status,Codeforces Round #607 (Div. 2)
1282,https://codeforces.com/contest/1282/status,Codeforces Round #610 (Div. 2)
1283,https://codeforces.com/contest/1283/status,Codeforces Round #611 (Div. 3)
1285,https://codeforces.com/contest/1285/status,Codeforces Round #613 (Div. 2)
1287,https://codeforces.com/contest/1287/status,Codeforces Round #612 (Div. 2)
1288,https://codeforces.com/contest/1288/status,Educational Codeforces Round 80 (Rated for Div. 2)
1291,https://codeforces.com/contest/1291/status,Codeforces Round #616 (Div. 2)
1293,https://codeforces.com/contest/1293/status,Codeforces Round #614 (Div. 2)
1294,https://codeforces.com/contest/1294/status,Codeforces Round #615 (Div. 3)
1295,https://codeforces.com/contest/1295/status,Educational Codeforces Round 81 (Rated for Div. 2)
1296,https://codeforces.com/contest/1296/status,Codeforces Round #617 (Div. 3)
1300,https://codeforces.com/contest/1300/status,Codeforces Round #618 (Div. 2)
1301,https://codeforces.com/contest/1301/status,Codeforces Round #619 (Div. 2)
1303,https://codeforces.com/contest/1303/status,Educational Codeforces Round 82 (Rated for Div. 2)
1304,https://codeforces.com/contest/1304/status,Codeforces Round #620 (Div. 2)
1307,https://codeforces.com/contest/1307/status,Codeforces Round #621 (Div. 1 + Div. 2)
1311,https://codeforces.com/contest/1311/status,Codeforces Round #624 (Div. 3)
1312,https://codeforces.com/contest/1312/status,Educational Codeforces Round 83 (Rated for Div. 2)
1313,https://codeforces.com/contest/1313/status,Codeforces Round #622 (Div. 2)
1315,https://codeforces.com/contest/1315/status,"Codeforces Round #623 (Div. 2, based on VK Cup 2019-2020 - Elimination Round, Engine)"
1316,https://codeforces.com/contest/1316/status,CodeCraft-20 (Div. 2)
1321,https://codeforces.com/contest/1321/status,"Codeforces Round #625 (Div. 2, based on Technocup 2020 Final Round)"
1323,https://codeforces.com/contest/1323/status,"Codeforces Round #626 (Div. 2, based on Moscow Open Olympiad in Informatics)"
1324,https://codeforces.com/contest/1324/status,Codeforces Round #627 (Div. 3)
1325,https://codeforces.com/contest/1325/status,Codeforces Round #628 (Div. 2)
1327,https://codeforces.com/contest/1327/status,Educational Codeforces Round 84 (Rated for Div. 2)
1328,https://codeforces.com/contest/1328/status,Codeforces Round #629 (Div. 3)
1330,https://codeforces.com/contest/1330/status,"Codeforces Round #631 (Div. 2) - Thanks, Denis aramis Shitov!"
1332,https://codeforces.com/contest/1332/status,Codeforces Round #630 (Div. 2)
1333,https://codeforces.com/contest/1333/status,Codeforces Round #632 (Div. 2)
1334,https://codeforces.com/contest/1334/status,Educational Codeforces Round 85 (Rated for Div. 2)
1335,https://codeforces.com/contest/1335/status,Codeforces Round #634 (Div. 3)
1337,https://codeforces.com/contest/1337/status,Codeforces Round #635 (Div. 2)
1339,https://codeforces.com/contest/1339/status,Codeforces Round #633 (Div. 2)
1341,https://codeforces.com/contest/1341/status,"Codeforces Round #637 (Div. 2) - Thanks, Ivan Belonogov!"
1342,https://codeforces.com/contest/1342/status,Educational Codeforces Round 86 (Rated for Div. 2)
1343,https://codeforces.com/contest/1343/status,Codeforces Round #636 (Div. 3)
1121,https://codeforces.com/contest/1121/status,"Codeforces Round #543 (Div. 2, based on Technocup 2019 Final Round)"
1132,https://codeforces.com/contest/1132/status,Educational Codeforces Round 61 (Rated for Div. 2)
1133,https://codeforces.com/contest/1133/status,Codeforces Round #544 (Div. 3)
1136,https://codeforces.com/contest/1136/status,Codeforces Round #546 (Div. 2)
1138,https://codeforces.com/contest/1138/status,Codeforces Round #545 (Div. 2)
1139,https://codeforces.com/contest/1139/status,Codeforces Round #548 (Div. 2)
1140,https://codeforces.com/contest/1140/status,Educational Codeforces Round 62 (Rated for Div. 2)
1141,https://codeforces.com/contest/1141/status,Codeforces Round #547 (Div. 3)
1143,https://codeforces.com/contest/1143/status,Codeforces Round #549 (Div. 2)
1144,https://codeforces.com/contest/1144/status,Codeforces Round #550 (Div. 3)
1150,https://codeforces.com/contest/1150/status,Codeforces Round #556 (Div. 2)
1151,https://codeforces.com/contest/1151/status,Codeforces Round #553 (Div. 2)
1152,https://codeforces.com/contest/1152/status,Codeforces Round #554 (Div. 2)
1153,https://codeforces.com/contest/1153/status,Codeforces Round #551 (Div. 2)
1154,https://codeforces.com/contest/1154/status,Codeforces Round #552 (Div. 3)
1155,https://codeforces.com/contest/1155/status,Educational Codeforces Round 63 (Rated for Div. 2)
1156,https://codeforces.com/contest/1156/status,Educational Codeforces Round 64 (Rated for Div. 2)
1157,https://codeforces.com/contest/1157/status,Codeforces Round #555 (Div. 3)
1159,https://codeforces.com/contest/1159/status,Codeforces Round #559 (Div. 2)
1162,https://codeforces.com/contest/1162/status,Codeforces Round #557 (Div. 2) [based on Forethought Future Cup - Final Round]
1163,https://codeforces.com/contest/1163/status,Codeforces Round #558 (Div. 2)
1165,https://codeforces.com/contest/1165/status,Codeforces Round #560 (Div. 3)
1166,https://codeforces.com/contest/1166/status,Codeforces Round #561 (Div. 2)
1167,https://codeforces.com/contest/1167/status,Educational Codeforces Round 65 (Rated for Div. 2)
1169,https://codeforces.com/contest/1169/status,Codeforces Round #562 (Div. 2)
1173,https://codeforces.com/contest/1173/status,Codeforces Round #564 (Div. 2)
1174,https://codeforces.com/contest/1174/status,Codeforces Round #563 (Div. 2)
1175,https://codeforces.com/contest/1175/status,Educational Codeforces Round 66 (Rated for Div. 2)
1176,https://codeforces.com/contest/1176/status,Codeforces Round #565 (Div. 3)
1180,https://codeforces.com/contest/1180/status,Codeforces Round #569 (Div. 2)
1181,https://codeforces.com/contest/1181/status,Codeforces Round #567 (Div. 2)
1182,https://codeforces.com/contest/1182/status,Codeforces Round #566 (Div. 2)
1183,https://codeforces.com/contest/1183/status,Codeforces Round #570 (Div. 3)
1185,https://codeforces.com/contest/1185/status,Codeforces Round #568 (Div. 2)
1186,https://codeforces.com/contest/1186/status,Codeforces Round #571 (Div. 2)
1187,https://codeforces.com/contest/1187/status,Educational Codeforces Round 67 (Rated for Div. 2)
1189,https://codeforces.com/contest/1189/status,Codeforces Round #572 (Div. 2)
1191,https://codeforces.com/contest/1191/status,Codeforces Round #573 (Div. 2)
1194,https://codeforces.com/contest/1194/status,Educational Codeforces Round 68 (Rated for Div. 2)
1195,https://codeforces.com/contest/1195/status,Codeforces Round #574 (Div. 2)
1196,https://codeforces.com/contest/1196/status,Codeforces Round #575 (Div. 3)
1197,https://codeforces.com/contest/1197/status,Educational Codeforces Round 69 (Rated for Div. 2)
1199,https://codeforces.com/contest/1199/status,Codeforces Round #576 (Div. 2)
1200,https://codeforces.com/contest/1200/status,Codeforces Round #578 (Div. 2)
1201,https://codeforces.com/contest/1201/status,Codeforces Round #577 (Div. 2)
1202,https://codeforces.com/contest/1202/status,Educational Codeforces Round 70 (Rated for Div. 2)
1203,https://codeforces.com/contest/1203/status,Codeforces Round #579 (Div. 3)
1204,https://codeforces.com/contest/1204/status,Codeforces Round #581 (Div. 2)
1206,https://codeforces.com/contest/1206/status,Codeforces Round #580 (Div. 2)
1207,https://codeforces.com/contest/1207/status,Educational Codeforces Round 71 (Rated for Div. 2)
1208,https://codeforces.com/contest/1208/status,"Manthan, Codefest 19 (open for everyone, rated, Div. 1 + Div. 2)"
1209,https://codeforces.com/contest/1209/status,"Codeforces Round #584 - Dasha Code Championship - Elimination Round (rated, open for everyone, Div. 1 + Div. 2)"
1213,https://codeforces.com/contest/1213/status,Codeforces Round #582 (Div. 3)
1214,https://codeforces.com/contest/1214/status,"Codeforces Round #583 (Div. 1 + Div. 2, based on Olympiad of Metropolises)"
1215,https://codeforces.com/contest/1215/status,Codeforces Round #585 (Div. 2)
1216,https://codeforces.com/contest/1216/status,Codeforces Round #587 (Div. 3)
1217,https://codeforces.com/contest/1217/status,Educational Codeforces Round 72 (Rated for Div. 2)
1219,https://codeforces.com/contest/1219/status,"Bubble Cup 12 - Finals [Online Mirror, unrated, Div. 2]"
1220,https://codeforces.com/contest/1220/status,Codeforces Round #586 (Div. 1 + Div. 2)
1221,https://codeforces.com/contest/1221/status,Educational Codeforces Round 73 (Rated for Div. 2)
1228,https://codeforces.com/contest/1228/status,Codeforces Round #589 (Div. 2)
1230,https://codeforces.com/contest/1230/status,Codeforces Round #588 (Div. 2)
1234,https://codeforces.com/contest/1234/status,Codeforces Round #590 (Div. 3)
1006,https://codeforces.com/contest/1006/status,Codeforces Round #498 (Div. 3)
1011,https://codeforces.com/contest/1011/status,Codeforces Round #499 (Div. 2)
1013,https://codeforces.com/contest/1013/status,Codeforces Round #500 (Div. 2) [based on EJOI]
1015,https://codeforces.com/contest/1015/status,Codeforces Round #501 (Div. 3)
1016,https://codeforces.com/contest/1016/status,Educational Codeforces Round 48 (Rated for Div. 2)
1017,https://codeforces.com/contest/1017/status,"Codeforces Round #502 (in memory of Leopoldo Taravilse, Div. 1 + Div. 2)"
1020,https://codeforces.com/contest/1020/status,"Codeforces Round #503 (by SIS, Div. 2)"
1023,https://codeforces.com/contest/1023/status,"Codeforces Round #504 (rated, Div. 1 + Div. 2, based on VK Cup 2018 Final)"
1025,https://codeforces.com/contest/1025/status,"Codeforces Round #505 (rated, Div. 1 + Div. 2, based on VK Cup 2018 Final)"
1027,https://codeforces.com/contest/1027/status,Educational Codeforces Round 49 (Rated for Div. 2)
1028,https://codeforces.com/contest/1028/status,"AIM Tech Round 5 (rated, Div. 1 + Div. 2)"
1029,https://codeforces.com/contest/1029/status,Codeforces Round #506 (Div. 3)
1036,https://codeforces.com/contest/1036/status,Educational Codeforces Round 50 (Rated for Div. 2)
1037,https://codeforces.com/contest/1037/status,"Manthan, Codefest 18 (rated, Div. 1 + Div. 2)"
1038,https://codeforces.com/contest/1038/status,Codeforces Round #508 (Div. 2)
1040,https://codeforces.com/contest/1040/status,"Codeforces Round #507 (Div. 2, based on Olympiad of Metropolises)"
1041,https://codeforces.com/contest/1041/status,Codeforces Round #509 (Div. 2)
1042,https://codeforces.com/contest/1042/status,Codeforces Round #510 (Div. 2)
1046,https://codeforces.com/contest/1046/status,"Bubble Cup 11 - Finals [Online Mirror, Div. 2]"
1047,https://codeforces.com/contest/1047/status,Codeforces Round #511 (Div. 2)
1051,https://codeforces.com/contest/1051/status,Educational Codeforces Round 51 (Rated for Div. 2)
1058,https://codeforces.com/contest/1058/status,"Codeforces Round #512 (Div. 2, based on Technocup 2019 Elimination Round 1)"
1059,https://codeforces.com/contest/1059/status,Codeforces Round #514 (Div. 2)
1060,https://codeforces.com/contest/1060/status,"Codeforces Round #513 by Barcelona Bootcamp (rated, Div. 1 + Div. 2)"
1061,https://codeforces.com/contest/1061/status,Codeforces Round #523 (Div. 2)
1062,https://codeforces.com/contest/1062/status,Codeforces Round #520 (Div. 2)
1064,https://codeforces.com/contest/1064/status,"Codeforces Round #516 (Div. 2, by Moscow Team Olympiad)"
1065,https://codeforces.com/contest/1065/status,Educational Codeforces Round 52 (Rated for Div. 2)
1066,https://codeforces.com/contest/1066/status,Codeforces Round #515 (Div. 3)
1068,https://codeforces.com/contest/1068/status,"Codeforces Round #518 (Div. 2) [Thanks, Mail.Ru!]"
1072,https://codeforces.com/contest/1072/status,"Codeforces Round #517 (Div. 2, based on Technocup 2019 Elimination Round 2)"
1073,https://codeforces.com/contest/1073/status,Educational Codeforces Round 53 (Rated for Div. 2)
1075,https://codeforces.com/contest/1075/status,Lyft Level 5 Challenge 2018 - Final Round (Open Div. 2)
1076,https://codeforces.com/contest/1076/status,Educational Codeforces Round 54 (Rated for Div. 2)
1077,https://codeforces.com/contest/1077/status,Codeforces Round #521 (Div. 3)
1079,https://codeforces.com/contest/1079/status,"Codeforces Round #522 (Div. 2, based on Technocup 2019 Elimination Round 3)"
1080,https://codeforces.com/contest/1080/status,Codeforces Round #524 (Div. 2)
1082,https://codeforces.com/contest/1082/status,Educational Codeforces Round 55 (Rated for Div. 2)
1084,https://codeforces.com/contest/1084/status,Codeforces Round #526 (Div. 2)
1087,https://codeforces.com/contest/1087/status,"Codeforces Round #528 (Div. 2, based on Technocup 2019 Elimination Round 4)"
1088,https://codeforces.com/contest/1088/status,Codeforces Round #525 (Div. 2)
1092,https://codeforces.com/contest/1092/status,Codeforces Round #527 (Div. 3)
1093,https://codeforces.com/contest/1093/status,Educational Codeforces Round 56 (Rated for Div. 2)
1095,https://codeforces.com/contest/1095/status,Codeforces Round #529 (Div. 3)
1096,https://codeforces.com/contest/1096/status,Educational Codeforces Round 57 (Rated for Div. 2)
1099,https://codeforces.com/contest/1099/status,Codeforces Round #530 (Div. 2)
1100,https://codeforces.com/contest/1100/status,Codeforces Round #532 (Div. 2)
1101,https://codeforces.com/contest/1101/status,Educational Codeforces Round 58 (Rated for Div. 2)
1102,https://codeforces.com/contest/1102/status,Codeforces Round #531 (Div. 3)
1104,https://codeforces.com/contest/1104/status,Codeforces Round #534 (Div. 2)
1105,https://codeforces.com/contest/1105/status,Codeforces Round #533 (Div. 2)
1106,https://codeforces.com/contest/1106/status,Codeforces Round #536 (Div. 2)
1107,https://codeforces.com/contest/1107/status,Educational Codeforces Round 59 (Rated for Div. 2)
1108,https://codeforces.com/contest/1108/status,Codeforces Round #535 (Div. 3)
1111,https://codeforces.com/contest/1111/status,CodeCraft-19 and Codeforces Round #537 (Div. 2)
1113,https://codeforces.com/contest/1113/status,Codeforces Round #539 (Div. 2)
1114,https://codeforces.com/contest/1114/status,Codeforces Round #538 (Div. 2)
1117,https://codeforces.com/contest/1117/status,Educational Codeforces Round 60 (Rated for Div. 2)
1118,https://codeforces.com/contest/1118/status,Codeforces Round #540 (Div. 3)
1130,https://codeforces.com/contest/1130/status,Codeforces Round #542 [Alex Lopashev Thanks-Round] (Div. 2)
1131,https://codeforces.com/contest/1131/status,Codeforces Round #541 (Div. 2)
1000,https://codeforces.com/contest/1000/status,Educational Codeforces Round 46 (Rated for Div. 2)
1003,https://codeforces.com/contest/1003/status,Codeforces Round #494 (Div. 3)
1004,https://codeforces.com/contest/1004/status,Codeforces Round #495 (Div. 2)
1005,https://codeforces.com/contest/1005/status,Codeforces Round #496 (Div. 3)
1008,https://codeforces.com/contest/1008/status,Codeforces Round #497 (Div. 2)
1009,https://codeforces.com/contest/1009/status,Educational Codeforces Round 47 (Rated for Div. 2)
893,https://codeforces.com/contest/893/status,Educational Codeforces Round 33 (Rated for Div. 2)
894,https://codeforces.com/contest/894/status,Codeforces Round #447 (Div. 2)
895,https://codeforces.com/contest/895/status,Codeforces Round #448 (Div. 2)
897,https://codeforces.com/contest/897/status,Codeforces Round #449 (Div. 2)
898,https://codeforces.com/contest/898/status,Codeforces Round #451 (Div. 2)
899,https://codeforces.com/contest/899/status,Codeforces Round #452 (Div. 2)
900,https://codeforces.com/contest/900/status,Codeforces Round #450 (Div. 2)
902,https://codeforces.com/contest/902/status,Codeforces Round #453 (Div. 2)
903,https://codeforces.com/contest/903/status,Educational Codeforces Round 34 (Rated for Div. 2)
907,https://codeforces.com/contest/907/status,"Codeforces Round #454 (Div. 2, based on Technocup 2018 Elimination Round 4)"
909,https://codeforces.com/contest/909/status,Codeforces Round #455 (Div. 2)
911,https://codeforces.com/contest/911/status,Educational Codeforces Round 35 (Rated for Div. 2)
912,https://codeforces.com/contest/912/status,Codeforces Round #456 (Div. 2)
914,https://codeforces.com/contest/914/status,"Codecraft-18 and Codeforces Round #458 (Div. 1 + Div. 2, combined)"
915,https://codeforces.com/contest/915/status,Educational Codeforces Round 36 (Rated for Div. 2)
916,https://codeforces.com/contest/916/status,Codeforces Round #457 (Div. 2)
918,https://codeforces.com/contest/918/status,Codeforces Round #459 (Div. 2)
919,https://codeforces.com/contest/919/status,Codeforces Round #460 (Div. 2)
920,https://codeforces.com/contest/920/status,Educational Codeforces Round 37 (Rated for Div. 2)
922,https://codeforces.com/contest/922/status,Codeforces Round #461 (Div. 2)
931,https://codeforces.com/contest/931/status,"Codeforces Round #468 (Div. 2, based on Technocup 2018 Final Round)"
932,https://codeforces.com/contest/932/status,"ICM Technex 2018 and Codeforces Round #463 (Div. 1 + Div. 2, combined)"
934,https://codeforces.com/contest/934/status,Codeforces Round #462 (Div. 2)
935,https://codeforces.com/contest/935/status,Codeforces Round #465 (Div. 2)
937,https://codeforces.com/contest/937/status,Codeforces Round #467 (Div. 2)
938,https://codeforces.com/contest/938/status,Educational Codeforces Round 38 (Rated for Div. 2)
939,https://codeforces.com/contest/939/status,Codeforces Round #464 (Div. 2)
940,https://codeforces.com/contest/940/status,Codeforces Round #466 (Div. 2)
946,https://codeforces.com/contest/946/status,Educational Codeforces Round 39 (Rated for Div. 2)
948,https://codeforces.com/contest/948/status,"Codeforces Round #470 (rated, Div. 2, based on VK Cup 2018 Round 1)"
950,https://codeforces.com/contest/950/status,Codeforces Round #469 (Div. 2)
954,https://codeforces.com/contest/954/status,Educational Codeforces Round 40 (Rated for Div. 2)
955,https://codeforces.com/contest/955/status,Codeforces Round #471 (Div. 2)
957,https://codeforces.com/contest/957/status,"Codeforces Round #472 (rated, Div. 2, based on VK Cup 2018 Round 2)"
959,https://codeforces.com/contest/959/status,Codeforces Round #473 (Div. 2)
960,https://codeforces.com/contest/960/status,"Divide by Zero 2018 and Codeforces Round #474 (Div. 1 + Div. 2, combined)"
961,https://codeforces.com/contest/961/status,Educational Codeforces Round 41 (Rated for Div. 2)
962,https://codeforces.com/contest/962/status,Educational Codeforces Round 42 (Rated for Div. 2)
964,https://codeforces.com/contest/964/status,Tinkoff Internship Warmup Round 2018 and Codeforces Round #475 (Div. 2)
965,https://codeforces.com/contest/965/status,"Codeforces Round #476 (Div. 2) [Thanks, Telegram!]"
967,https://codeforces.com/contest/967/status,"Codeforces Round #477 (rated, Div. 2, based on VK Cup 2018 Round 3)"
975,https://codeforces.com/contest/975/status,Codeforces Round #478 (Div. 2)
976,https://codeforces.com/contest/976/status,Educational Codeforces Round 43 (Rated for Div. 2)
977,https://codeforces.com/contest/977/status,Codeforces Round #479 (Div. 3)
978,https://codeforces.com/contest/978/status,Codeforces Round #481 (Div. 3)
979,https://codeforces.com/contest/979/status,Codeforces Round #482 (Div. 2)
980,https://codeforces.com/contest/980/status,Codeforces Round #480 (Div. 2)
982,https://codeforces.com/contest/982/status,Codeforces Round #484 (Div. 2)
984,https://codeforces.com/contest/984/status,"Codeforces Round #483 (Div. 2) [Thanks, Botan Investments and Victor Shaburov!]"
985,https://codeforces.com/contest/985/status,Educational Codeforces Round 44 (Rated for Div. 2)
987,https://codeforces.com/contest/987/status,Codeforces Round #485 (Div. 2)
988,https://codeforces.com/contest/988/status,Codeforces Round #486 (Div. 3)
989,https://codeforces.com/contest/989/status,Codeforces Round #487 (Div. 2)
990,https://codeforces.com/contest/990/status,Educational Codeforces Round 45 (Rated for Div. 2)
991,https://codeforces.com/contest/991/status,Codeforces Round #491 (Div. 2)
992,https://codeforces.com/contest/992/status,Codeforces Round #489 (Div. 2)
994,https://codeforces.com/contest/994/status,Codeforces Round #488 by NEAR (Div. 2)
996,https://codeforces.com/contest/996/status,"Codeforces Round #492 (Div. 2) [Thanks, uDebug!]"
998,https://codeforces.com/contest/998/status,Codeforces Round #493 (Div. 2)
999,https://codeforces.com/contest/999/status,Codeforces Round #490 (Div. 3)
787,https://codeforces.com/contest/787/status,Codeforces Round #406 (Div. 2)
789,https://codeforces.com/contest/789/status,Codeforces Round #407 (Div. 2)
794,https://codeforces.com/contest/794/status,"Tinkoff Challenge - Final Round (Codeforces Round #414, rated, Div. 1 + Div. 2)"
796,https://codeforces.com/contest/796/status,Codeforces Round #408 (Div. 2)
798,https://codeforces.com/contest/798/status,Codeforces Round #410 (Div. 2)
799,https://codeforces.com/contest/799/status,"Playrix Codescapes Cup (Codeforces Round #413, rated, Div. 1 + Div. 2)"
801,https://codeforces.com/contest/801/status,"Codeforces Round #409 (rated, Div. 2, based on VK Cup 2017 Round 2)"
805,https://codeforces.com/contest/805/status,Codeforces Round #411 (Div. 2)
807,https://codeforces.com/contest/807/status,"Codeforces Round #412 (rated, Div. 2, base on VK Cup 2017 Round 3)"
810,https://codeforces.com/contest/810/status,Codeforces Round #415 (Div. 2)
811,https://codeforces.com/contest/811/status,Codeforces Round #416 (Div. 2)
812,https://codeforces.com/contest/812/status,Codeforces Round #417 (Div. 2)
814,https://codeforces.com/contest/814/status,Codeforces Round #418 (Div. 2)
816,https://codeforces.com/contest/816/status,Codeforces Round #419 (Div. 2)
820,https://codeforces.com/contest/820/status,Codeforces Round #421 (Div. 2)
821,https://codeforces.com/contest/821/status,Codeforces Round #420 (Div. 2)
822,https://codeforces.com/contest/822/status,Codeforces Round #422 (Div. 2)
828,https://codeforces.com/contest/828/status,"Codeforces Round #423 (Div. 2, rated, based on VK Cup Finals)"
831,https://codeforces.com/contest/831/status,"Codeforces Round #424 (Div. 2, rated, based on VK Cup Finals)"
832,https://codeforces.com/contest/832/status,Codeforces Round #425 (Div. 2)
834,https://codeforces.com/contest/834/status,Codeforces Round #426 (Div. 2)
835,https://codeforces.com/contest/835/status,Codeforces Round #427 (Div. 2)
839,https://codeforces.com/contest/839/status,Codeforces Round #428 (Div. 2)
841,https://codeforces.com/contest/841/status,Codeforces Round #429 (Div. 2)
842,https://codeforces.com/contest/842/status,Codeforces Round #430 (Div. 2)
844,https://codeforces.com/contest/844/status,AIM Tech Round 4 (Div. 2)
849,https://codeforces.com/contest/849/status,Codeforces Round #431 (Div. 2)
851,https://codeforces.com/contest/851/status,"Codeforces Round #432 (Div. 2, based on IndiaHacks Final Round 2017)"
854,https://codeforces.com/contest/854/status,"Codeforces Round #433 (Div. 2, based on Olympiad of Metropolises)"
861,https://codeforces.com/contest/861/status,"Codeforces Round #434 (Div. 2, based on Technocup 2018 Elimination Round 1)"
862,https://codeforces.com/contest/862/status,Codeforces Round #435 (Div. 2)
864,https://codeforces.com/contest/864/status,Codeforces Round #436 (Div. 2)
867,https://codeforces.com/contest/867/status,"Codeforces Round #437 (Div. 2, based on MemSQL Start[c]UP 3.0 - Round 2)"
868,https://codeforces.com/contest/868/status,Codeforces Round #438 by Sberbank and Barcelona Bootcamp (Div. 1 + Div. 2 combined)
869,https://codeforces.com/contest/869/status,Codeforces Round #439 (Div. 2)
872,https://codeforces.com/contest/872/status,"Codeforces Round #440 (Div. 2, based on Technocup 2018 Elimination Round 2)"
876,https://codeforces.com/contest/876/status,"Codeforces Round #441 (Div. 2, by Moscow Team Olympiad)"
877,https://codeforces.com/contest/877/status,Codeforces Round #442 (Div. 2)
879,https://codeforces.com/contest/879/status,Codeforces Round #443 (Div. 2)
887,https://codeforces.com/contest/887/status,Codeforces Round #444 (Div. 2)
890,https://codeforces.com/contest/890/status,"Codeforces Round #445 (Div. 2, based on Technocup 2018 Elimination Round 3)"
892,https://codeforces.com/contest/892/status,Codeforces Round #446 (Div. 2)
676,https://codeforces.com/contest/676/status,Codeforces Round #354 (Div. 2)
677,https://codeforces.com/contest/677/status,Codeforces Round #355 (Div. 2)
680,https://codeforces.com/contest/680/status,Codeforces Round #356 (Div. 2)
681,https://codeforces.com/contest/681/status,Codeforces Round #357 (Div. 2)
682,https://codeforces.com/contest/682/status,Codeforces Round #358 (Div. 2)
686,https://codeforces.com/contest/686/status,Codeforces Round #359 (Div. 2)
688,https://codeforces.com/contest/688/status,Codeforces Round #360 (Div. 2)
689,https://codeforces.com/contest/689/status,Codeforces Round #361 (Div. 2)
697,https://codeforces.com/contest/697/status,Codeforces Round #362 (Div. 2)
699,https://codeforces.com/contest/699/status,Codeforces Round #363 (Div. 2)
701,https://codeforces.com/contest/701/status,Codeforces Round #364 (Div. 2)
703,https://codeforces.com/contest/703/status,Codeforces Round #365 (Div. 2)
705,https://codeforces.com/contest/705/status,Codeforces Round #366 (Div. 2)
706,https://codeforces.com/contest/706/status,Codeforces Round #367 (Div. 2)
707,https://codeforces.com/contest/707/status,Codeforces Round #368 (Div. 2)
709,https://codeforces.com/contest/709/status,AIM Tech Round 3 (Div. 2)
711,https://codeforces.com/contest/711/status,Codeforces Round #369 (Div. 2)
712,https://codeforces.com/contest/712/status,Codeforces Round #370 (Div. 2)
714,https://codeforces.com/contest/714/status,Codeforces Round #371 (Div. 2)
716,https://codeforces.com/contest/716/status,Codeforces Round #372 (Div. 2)
719,https://codeforces.com/contest/719/status,Codeforces Round #373 (Div. 2)
721,https://codeforces.com/contest/721/status,Codeforces Round #374 (Div. 2)
722,https://codeforces.com/contest/722/status,"Intel Code Challenge Elimination Round (Div. 1 + Div. 2, combined)"
723,https://codeforces.com/contest/723/status,Codeforces Round #375 (Div. 2)
724,https://codeforces.com/contest/724/status,"Intel Code Challenge Final Round (Div. 1 + Div. 2, Combined)"
727,https://codeforces.com/contest/727/status,"Technocup 2017 - Elimination Round 1 (Unofficially Open for Everyone, Rated for Div. 2)"
731,https://codeforces.com/contest/731/status,Codeforces Round #376 (Div. 2)
732,https://codeforces.com/contest/732/status,Codeforces Round #377 (Div. 2)
733,https://codeforces.com/contest/733/status,Codeforces Round #378 (Div. 2)
734,https://codeforces.com/contest/734/status,Codeforces Round #379 (Div. 2)
735,https://codeforces.com/contest/735/status,Codeforces Round #382 (Div. 2)
738,https://codeforces.com/contest/738/status,"Codeforces Round #380 (Div. 2, Rated, Based on Technocup 2017 - Elimination Round 2)"
740,https://codeforces.com/contest/740/status,Codeforces Round #381 (Div. 2)
742,https://codeforces.com/contest/742/status,Codeforces Round #383 (Div. 2)
743,https://codeforces.com/contest/743/status,Codeforces Round #384 (Div. 2)
745,https://codeforces.com/contest/745/status,Codeforces Round #385 (Div. 2)
746,https://codeforces.com/contest/746/status,Codeforces Round #386 (Div. 2)
747,https://codeforces.com/contest/747/status,Codeforces Round #387 (Div. 2)
749,https://codeforces.com/contest/749/status,Codeforces Round #388 (Div. 2)
752,https://codeforces.com/contest/752/status,"Codeforces Round #389 (Div. 2, Rated, Based on Technocup 2017 - Elimination Round 3)"
754,https://codeforces.com/contest/754/status,Codeforces Round #390 (Div. 2)
757,https://codeforces.com/contest/757/status,"Codecraft-17 and Codeforces Round #391 (Div. 1 + Div. 2, combined)"
758,https://codeforces.com/contest/758/status,Codeforces Round #392 (Div. 2)
760,https://codeforces.com/contest/760/status,Codeforces Round #393 (Div. 2) (8VC Venture Cup 2017 - Final Round Div. 2 Edition)
761,https://codeforces.com/contest/761/status,Codeforces Round #394 (Div. 2)
764,https://codeforces.com/contest/764/status,Codeforces Round #395 (Div. 2)
765,https://codeforces.com/contest/765/status,Codeforces Round #397 by Kaspersky Lab and Barcelona Bootcamp (Div. 1 + Div. 2 combined)
766,https://codeforces.com/contest/766/status,Codeforces Round #396 (Div. 2)
767,https://codeforces.com/contest/767/status,Codeforces Round #398 (Div. 2)
768,https://codeforces.com/contest/768/status,"Divide by Zero 2017 and Codeforces Round #399 (Div. 1 + Div. 2, combined)"
776,https://codeforces.com/contest/776/status,"ICM Technex 2017 and Codeforces Round #400 (Div. 1 + Div. 2, combined)"
777,https://codeforces.com/contest/777/status,Codeforces Round #401 (Div. 2)
779,https://codeforces.com/contest/779/status,Codeforces Round #402 (Div. 2)
782,https://codeforces.com/contest/782/status,"Codeforces Round #403 (Div. 2, based on Technocup 2017 Finals)"
785,https://codeforces.com/contest/785/status,Codeforces Round #404 (Div. 2)
791,https://codeforces.com/contest/791/status,"Codeforces Round #405 (rated, Div. 2, based on VK Cup 2017 Round 1)"
570,https://codeforces.com/contest/570/status,Codeforces Round #316 (Div. 2)
572,https://codeforces.com/contest/572/status,Codeforces Round #317 [AimFund Thanks-Round] (Div. 2)
574,https://codeforces.com/contest/574/status,Codeforces Round #318 [RussianCodeCup Thanks-Round] (Div. 2)
577,https://codeforces.com/contest/577/status,Codeforces Round #319 (Div. 2)
579,https://codeforces.com/contest/579/status,Codeforces Round #320 (Div. 2) [Bayan Thanks-Round]
580,https://codeforces.com/contest/580/status,Codeforces Round #321 (Div. 2)
581,https://codeforces.com/contest/581/status,Codeforces Round #322 (Div. 2)
583,https://codeforces.com/contest/583/status,Codeforces Round #323 (Div. 2)
584,https://codeforces.com/contest/584/status,Codeforces Round #324 (Div. 2)
586,https://codeforces.com/contest/586/status,Codeforces Round #325 (Div. 2)
588,https://codeforces.com/contest/588/status,Codeforces Round #326 (Div. 2)
591,https://codeforces.com/contest/591/status,Codeforces Round #327 (Div. 2)
592,https://codeforces.com/contest/592/status,Codeforces Round #328 (Div. 2)
593,https://codeforces.com/contest/593/status,Codeforces Round #329 (Div. 2)
595,https://codeforces.com/contest/595/status,Codeforces Round #330 (Div. 2)
596,https://codeforces.com/contest/596/status,Codeforces Round #331 (Div. 2)
599,https://codeforces.com/contest/599/status,Codeforces Round #332 (Div. 2)
602,https://codeforces.com/contest/602/status,Codeforces Round #333 (Div. 2)
604,https://codeforces.com/contest/604/status,Codeforces Round #334 (Div. 2)
606,https://codeforces.com/contest/606/status,Codeforces Round #335 (Div. 2)
608,https://codeforces.com/contest/608/status,Codeforces Round #336 (Div. 2)
610,https://codeforces.com/contest/610/status,Codeforces Round #337 (Div. 2)
614,https://codeforces.com/contest/614/status,Codeforces Round #339 (Div. 2)
615,https://codeforces.com/contest/615/status,Codeforces Round #338 (Div. 2)
617,https://codeforces.com/contest/617/status,Codeforces Round #340 (Div. 2)
618,https://codeforces.com/contest/618/status,Wunder Fund Round 2016 (Div. 1 + Div. 2 combined)
621,https://codeforces.com/contest/621/status,Codeforces Round #341 (Div. 2)
624,https://codeforces.com/contest/624/status,AIM Tech Round (Div. 2)
625,https://codeforces.com/contest/625/status,Codeforces Round #342 (Div. 2)
629,https://codeforces.com/contest/629/status,Codeforces Round #343 (Div. 2)
631,https://codeforces.com/contest/631/status,Codeforces Round #344 (Div. 2)
635,https://codeforces.com/contest/635/status,8VC Venture Cup 2016 - Final Round (Div. 2 Edition)
651,https://codeforces.com/contest/651/status,Codeforces Round #345 (Div. 2)
653,https://codeforces.com/contest/653/status,IndiaHacks 2016 - Online Edition (Div. 1 + Div. 2)
658,https://codeforces.com/contest/658/status,VK Cup 2016 - Round 1 (Div. 2 Edition)
659,https://codeforces.com/contest/659/status,Codeforces Round #346 (Div. 2)
664,https://codeforces.com/contest/664/status,Codeforces Round #347 (Div. 2)
667,https://codeforces.com/contest/667/status,Codeforces Round #349 (Div. 2)
669,https://codeforces.com/contest/669/status,"Codeforces Round #348 (VK Cup 2016 Round 2, Div. 2 Edition)"
670,https://codeforces.com/contest/670/status,Codeforces Round #350 (Div. 2)
672,https://codeforces.com/contest/672/status,Codeforces Round #352 (Div. 2)
673,https://codeforces.com/contest/673/status,"Codeforces Round #351 (VK Cup 2016 Round 3, Div. 2 Edition)"
675,https://codeforces.com/contest/675/status,Codeforces Round #353 (Div. 2)
459,https://codeforces.com/contest/459/status,Codeforces Round #261 (Div. 2)
460,https://codeforces.com/contest/460/status,Codeforces Round #262 (Div. 2)
462,https://codeforces.com/contest/462/status,Codeforces Round #263 (Div. 2)
463,https://codeforces.com/contest/463/status,Codeforces Round #264 (Div. 2)
465,https://codeforces.com/contest/465/status,Codeforces Round #265 (Div. 2)
466,https://codeforces.com/contest/466/status,Codeforces Round #266 (Div. 2)
467,https://codeforces.com/contest/467/status,Codeforces Round #267 (Div. 2)
469,https://codeforces.com/contest/469/status,Codeforces Round #268 (Div. 2)
471,https://codeforces.com/contest/471/status,Codeforces Round #269 (Div. 2)
474,https://codeforces.com/contest/474/status,Codeforces Round #271 (Div. 2)
476,https://codeforces.com/contest/476/status,Codeforces Round #272 (Div. 2)
478,https://codeforces.com/contest/478/status,Codeforces Round #273 (Div. 2)
479,https://codeforces.com/contest/479/status,Codeforces Round #274 (Div. 2)
483,https://codeforces.com/contest/483/status,Codeforces Round #275 (Div. 2)
485,https://codeforces.com/contest/485/status,Codeforces Round #276 (Div. 2)
486,https://codeforces.com/contest/486/status,Codeforces Round #277 (Div. 2)
488,https://codeforces.com/contest/488/status,Codeforces Round #278 (Div. 2)
489,https://codeforces.com/contest/489/status,Codeforces Round #277.5 (Div. 2)
490,https://codeforces.com/contest/490/status,Codeforces Round #279 (Div. 2)
492,https://codeforces.com/contest/492/status,Codeforces Round #280 (Div. 2)
493,https://codeforces.com/contest/493/status,Codeforces Round #281 (Div. 2)
495,https://codeforces.com/contest/495/status,Codeforces Round #282 (Div. 2)
496,https://codeforces.com/contest/496/status,Codeforces Round #283 (Div. 2)
499,https://codeforces.com/contest/499/status,Codeforces Round #284 (Div. 2)
501,https://codeforces.com/contest/501/status,Codeforces Round #285 (Div. 2)
505,https://codeforces.com/contest/505/status,Codeforces Round #286 (Div. 2)
507,https://codeforces.com/contest/507/status,Codeforces Round #287 (Div. 2)
508,https://codeforces.com/contest/508/status,Codeforces Round #288 (Div. 2)
509,https://codeforces.com/contest/509/status,"Codeforces Round #289 (Div. 2, ACM ICPC Rules)"
510,https://codeforces.com/contest/510/status,Codeforces Round #290 (Div. 2)
514,https://codeforces.com/contest/514/status,Codeforces Round #291 (Div. 2)
515,https://codeforces.com/contest/515/status,Codeforces Round #292 (Div. 2)
518,https://codeforces.com/contest/518/status,Codeforces Round #293 (Div. 2)
519,https://codeforces.com/contest/519/status,Codeforces Round #294 (Div. 2)
520,https://codeforces.com/contest/520/status,Codeforces Round #295 (Div. 2)
525,https://codeforces.com/contest/525/status,Codeforces Round #297 (Div. 2)
527,https://codeforces.com/contest/527/status,Codeforces Round #296 (Div. 2)
534,https://codeforces.com/contest/534/status,Codeforces Round #298 (Div. 2)
535,https://codeforces.com/contest/535/status,Codeforces Round #299 (Div. 2)
540,https://codeforces.com/contest/540/status,Codeforces Round #301 (Div. 2)
544,https://codeforces.com/contest/544/status,Codeforces Round #302 (Div. 2)
545,https://codeforces.com/contest/545/status,Codeforces Round #303 (Div. 2)
546,https://codeforces.com/contest/546/status,Codeforces Round #304 (Div. 2)
548,https://codeforces.com/contest/548/status,Codeforces Round #305 (Div. 2)
550,https://codeforces.com/contest/550/status,Codeforces Round #306 (Div. 2)
551,https://codeforces.com/contest/551/status,Codeforces Round #307 (Div. 2)
552,https://codeforces.com/contest/552/status,Codeforces Round #308 (Div. 2)
554,https://codeforces.com/contest/554/status,Codeforces Round #309 (Div. 2)
556,https://codeforces.com/contest/556/status,Codeforces Round #310 (Div. 2)
557,https://codeforces.com/contest/557/status,Codeforces Round #311 (Div. 2)
558,https://codeforces.com/contest/558/status,Codeforces Round #312 (Div. 2)
560,https://codeforces.com/contest/560/status,Codeforces Round #313 (Div. 2)
567,https://codeforces.com/contest/567/status,Codeforces Round #Pi (Div. 2)
569,https://codeforces.com/contest/569/status,Codeforces Round #315 (Div. 2)
353,https://codeforces.com/contest/353/status,Codeforces Round #205 (Div. 2)
355,https://codeforces.com/contest/355/status,Codeforces Round #206 (Div. 2)
357,https://codeforces.com/contest/357/status,Codeforces Round #207 (Div. 2)
358,https://codeforces.com/contest/358/status,Codeforces Round #208 (Div. 2)
359,https://codeforces.com/contest/359/status,Codeforces Round #209 (Div. 2)
361,https://codeforces.com/contest/361/status,Codeforces Round #210 (Div. 2)
362,https://codeforces.com/contest/362/status,Codeforces Round #212 (Div. 2)
363,https://codeforces.com/contest/363/status,Codeforces Round #211 (Div. 2)
365,https://codeforces.com/contest/365/status,Codeforces Round #213 (Div. 2)
366,https://codeforces.com/contest/366/status,Codeforces Round #214 (Div. 2)
368,https://codeforces.com/contest/368/status,Codeforces Round #215 (Div. 2)
369,https://codeforces.com/contest/369/status,Codeforces Round #216 (Div. 2)
370,https://codeforces.com/contest/370/status,Codeforces Round #217 (Div. 2)
371,https://codeforces.com/contest/371/status,Codeforces Round #218 (Div. 2)
373,https://codeforces.com/contest/373/status,Codeforces Round #219 (Div. 2)
374,https://codeforces.com/contest/374/status,Codeforces Round #220 (Div. 2)
376,https://codeforces.com/contest/376/status,Codeforces Round #221 (Div. 2)
378,https://codeforces.com/contest/378/status,Codeforces Round #222 (Div. 2)
381,https://codeforces.com/contest/381/status,Codeforces Round #223 (Div. 2)
382,https://codeforces.com/contest/382/status,Codeforces Round #224 (Div. 2)
384,https://codeforces.com/contest/384/status,Codeforces Round #225 (Div. 2)
385,https://codeforces.com/contest/385/status,Codeforces Round #226 (Div. 2)
387,https://codeforces.com/contest/387/status,Codeforces Round #227 (Div. 2)
389,https://codeforces.com/contest/389/status,Codeforces Round #228 (Div. 2)
390,https://codeforces.com/contest/390/status,Codeforces Round #229 (Div. 2)
393,https://codeforces.com/contest/393/status,Codeforces Round #230 (Div. 2)
394,https://codeforces.com/contest/394/status,Codeforces Round #231 (Div. 2)
397,https://codeforces.com/contest/397/status,Codeforces Round #232 (Div. 2)
399,https://codeforces.com/contest/399/status,Codeforces Round #233 (Div. 2)
400,https://codeforces.com/contest/400/status,Codeforces Round #234 (Div. 2)
401,https://codeforces.com/contest/401/status,Codeforces Round #235 (Div. 2)
402,https://codeforces.com/contest/402/status,Codeforces Round #236 (Div. 2)
404,https://codeforces.com/contest/404/status,Codeforces Round #237 (Div. 2)
405,https://codeforces.com/contest/405/status,Codeforces Round #238 (Div. 2)
408,https://codeforces.com/contest/408/status,Codeforces Round #239 (Div. 2)
415,https://codeforces.com/contest/415/status,Codeforces Round #240 (Div. 2)
416,https://codeforces.com/contest/416/status,Codeforces Round #241 (Div. 2)
417,https://codeforces.com/contest/417/status,RCC 2014 Warmup (Div. 2)
421,https://codeforces.com/contest/421/status,"Coder-Strike 2014 - Finals (online edition, Div. 2)"
424,https://codeforces.com/contest/424/status,Codeforces Round #242 (Div. 2)
426,https://codeforces.com/contest/426/status,Codeforces Round #243 (Div. 2)
427,https://codeforces.com/contest/427/status,Codeforces Round #244 (Div. 2)
430,https://codeforces.com/contest/430/status,Codeforces Round #245 (Div. 2)
431,https://codeforces.com/contest/431/status,Codeforces Round #247 (Div. 2)
432,https://codeforces.com/contest/432/status,Codeforces Round #246 (Div. 2)
433,https://codeforces.com/contest/433/status,Codeforces Round #248 (Div. 2)
435,https://codeforces.com/contest/435/status,Codeforces Round #249 (Div. 2)
437,https://codeforces.com/contest/437/status,Codeforces Round #250 (Div. 2)
439,https://codeforces.com/contest/439/status,Codeforces Round #251 (Div. 2)
441,https://codeforces.com/contest/441/status,Codeforces Round #252 (Div. 2)
443,https://codeforces.com/contest/443/status,Codeforces Round #253 (Div. 2)
445,https://codeforces.com/contest/445/status,Codeforces Round #254 (Div. 2)
447,https://codeforces.com/contest/447/status,Codeforces Round #FF (Div. 2)
448,https://codeforces.com/contest/448/status,Codeforces Round #256 (Div. 2)
450,https://codeforces.com/contest/450/status,Codeforces Round #257 (Div. 2)
451,https://codeforces.com/contest/451/status,Codeforces Round #258 (Div. 2)
454,https://codeforces.com/contest/454/status,Codeforces Round #259 (Div. 2)
456,https://codeforces.com/contest/456/status,Codeforces Round #260 (Div. 2)
252,https://codeforces.com/contest/252/status,Codeforces Round #153 (Div. 2)
253,https://codeforces.com/contest/253/status,Codeforces Round #154 (Div. 2)
254,https://codeforces.com/contest/254/status,Codeforces Round #155 (Div. 2)
255,https://codeforces.com/contest/255/status,Codeforces Round #156 (Div. 2)
257,https://codeforces.com/contest/257/status,Codeforces Round #159 (Div. 2)
259,https://codeforces.com/contest/259/status,Codeforces Round #157 (Div. 2)
260,https://codeforces.com/contest/260/status,Codeforces Round #158 (Div. 2)
262,https://codeforces.com/contest/262/status,Codeforces Round #160 (Div. 2)
263,https://codeforces.com/contest/263/status,Codeforces Round #161 (Div. 2)
265,https://codeforces.com/contest/265/status,Codeforces Round #162 (Div. 2)
266,https://codeforces.com/contest/266/status,Codeforces Round #163 (Div. 2)
268,https://codeforces.com/contest/268/status,Codeforces Round #164 (Div. 2)
270,https://codeforces.com/contest/270/status,Codeforces Round #165 (Div. 2)
271,https://codeforces.com/contest/271/status,Codeforces Round #166 (Div. 2)
272,https://codeforces.com/contest/272/status,Codeforces Round #167 (Div. 2)
275,https://codeforces.com/contest/275/status,Codeforces Round #168 (Div. 2)
276,https://codeforces.com/contest/276/status,Codeforces Round #169 (Div. 2)
278,https://codeforces.com/contest/278/status,Codeforces Round #170 (Div. 2)
279,https://codeforces.com/contest/279/status,Codeforces Round #171 (Div. 2)
281,https://codeforces.com/contest/281/status,Codeforces Round #172 (Div. 2)
282,https://codeforces.com/contest/282/status,Codeforces Round #173 (Div. 2)
284,https://codeforces.com/contest/284/status,Codeforces Round #174 (Div. 2)
285,https://codeforces.com/contest/285/status,Codeforces Round #175 (Div. 2)
287,https://codeforces.com/contest/287/status,Codeforces Round #176 (Div. 2)
289,https://codeforces.com/contest/289/status,Codeforces Round #177 (Div. 2)
294,https://codeforces.com/contest/294/status,Codeforces Round #178 (Div. 2)
296,https://codeforces.com/contest/296/status,Codeforces Round #179 (Div. 2)
298,https://codeforces.com/contest/298/status,Codeforces Round #180 (Div. 2)
299,https://codeforces.com/contest/299/status,Croc Champ 2013 - Round 2 (Div. 2 Edition)
300,https://codeforces.com/contest/300/status,Codeforces Round #181 (Div. 2)
302,https://codeforces.com/contest/302/status,Codeforces Round #182 (Div. 2)
304,https://codeforces.com/contest/304/status,Codeforces Round #183 (Div. 2)
305,https://codeforces.com/contest/305/status,Codeforces Round #184 (Div. 2)
312,https://codeforces.com/contest/312/status,Codeforces Round #185 (Div. 2)
313,https://codeforces.com/contest/313/status,Codeforces Round #186 (Div. 2)
315,https://codeforces.com/contest/315/status,Codeforces Round #187 (Div. 2)
318,https://codeforces.com/contest/318/status,Codeforces Round #188 (Div. 2)
320,https://codeforces.com/contest/320/status,Codeforces Round #189 (Div. 2)
322,https://codeforces.com/contest/322/status,Codeforces Round #190 (Div. 2)
327,https://codeforces.com/contest/327/status,Codeforces Round #191 (Div. 2)
330,https://codeforces.com/contest/330/status,Codeforces Round #192 (Div. 2)
332,https://codeforces.com/contest/332/status,Codeforces Round #193 (Div. 2)
334,https://codeforces.com/contest/334/status,Codeforces Round #194 (Div. 2)
336,https://codeforces.com/contest/336/status,Codeforces Round #195 (Div. 2)
337,https://codeforces.com/contest/337/status,Codeforces Round #196 (Div. 2)
339,https://codeforces.com/contest/339/status,Codeforces Round #197 (Div. 2)
340,https://codeforces.com/contest/340/status,Codeforces Round #198 (Div. 2)
342,https://codeforces.com/contest/342/status,Codeforces Round #199 (Div. 2)
344,https://codeforces.com/contest/344/status,Codeforces Round #200 (Div. 2)
347,https://codeforces.com/contest/347/status,Codeforces Round #201 (Div. 2)
349,https://codeforces.com/contest/349/status,Codeforces Round #202 (Div. 2)
350,https://codeforces.com/contest/350/status,Codeforces Round #203 (Div. 2)
352,https://codeforces.com/contest/352/status,Codeforces Round #204 (Div. 2)
148,https://codeforces.com/contest/148/status,Codeforces Round #105 (Div. 2)
149,https://codeforces.com/contest/149/status,Codeforces Round #106 (Div. 2)
151,https://codeforces.com/contest/151/status,Codeforces Round #107 (Div. 2)
152,https://codeforces.com/contest/152/status,Codeforces Round #108 (Div. 2)
155,https://codeforces.com/contest/155/status,Codeforces Round #109 (Div. 2)
157,https://codeforces.com/contest/157/status,Codeforces Round #110 (Div. 2)
160,https://codeforces.com/contest/160/status,Codeforces Round #111 (Div. 2)
165,https://codeforces.com/contest/165/status,Codeforces Round #112 (Div. 2)
166,https://codeforces.com/contest/166/status,Codeforces Round #113 (Div. 2)
168,https://codeforces.com/contest/168/status,Codeforces Round #114 (Div. 2)
169,https://codeforces.com/contest/169/status,VK Cup 2012 Round 2 (Unofficial Div. 2 Edition)
174,https://codeforces.com/contest/174/status,VK Cup 2012 Round 3 (Unofficial Div. 2 Edition)
180,https://codeforces.com/contest/180/status,"Codeforces Round #116 (Div. 2, ACM-ICPC Rules)"
181,https://codeforces.com/contest/181/status,Croc Champ 2012 - Round 2 (Unofficial Div. 2 Edition)
182,https://codeforces.com/contest/182/status,Codeforces Round #117 (Div. 2)
186,https://codeforces.com/contest/186/status,Codeforces Round #118 (Div. 2)
189,https://codeforces.com/contest/189/status,Codeforces Round #119 (Div. 2)
190,https://codeforces.com/contest/190/status,Codeforces Round #120 (Div. 2)
192,https://codeforces.com/contest/192/status,Codeforces Round #121 (Div. 2)
194,https://codeforces.com/contest/194/status,Codeforces Round #122 (Div. 2)
195,https://codeforces.com/contest/195/status,Codeforces Round #123 (Div. 2)
197,https://codeforces.com/contest/197/status,Codeforces Round #124 (Div. 2)
199,https://codeforces.com/contest/199/status,Codeforces Round #125 (Div. 2)
200,https://codeforces.com/contest/200/status,Codeforces Round #126 (Div. 2)
202,https://codeforces.com/contest/202/status,Codeforces Round #127 (Div. 2)
203,https://codeforces.com/contest/203/status,Codeforces Round #128 (Div. 2)
205,https://codeforces.com/contest/205/status,Codeforces Round #129 (Div. 2)
208,https://codeforces.com/contest/208/status,Codeforces Round #130 (Div. 2)
214,https://codeforces.com/contest/214/status,Codeforces Round #131 (Div. 2)
215,https://codeforces.com/contest/215/status,Codeforces Round #132 (Div. 2)
216,https://codeforces.com/contest/216/status,Codeforces Round #133 (Div. 2)
218,https://codeforces.com/contest/218/status,Codeforces Round #134 (Div. 2)
219,https://codeforces.com/contest/219/status,Codeforces Round #135 (Div. 2)
221,https://codeforces.com/contest/221/status,Codeforces Round #136 (Div. 2)
222,https://codeforces.com/contest/222/status,Codeforces Round #137 (Div. 2)
224,https://codeforces.com/contest/224/status,Codeforces Round #138 (Div. 2)
225,https://codeforces.com/contest/225/status,Codeforces Round #139 (Div. 2)
227,https://codeforces.com/contest/227/status,Codeforces Round #140 (Div. 2)
228,https://codeforces.com/contest/228/status,Codeforces Round #141 (Div. 2)
230,https://codeforces.com/contest/230/status,Codeforces Round #142 (Div. 2)
231,https://codeforces.com/contest/231/status,Codeforces Round #143 (Div. 2)
233,https://codeforces.com/contest/233/status,Codeforces Round #144 (Div. 2)
234,https://codeforces.com/contest/234/status,"Codeforces Round #145 (Div. 2, ACM-ICPC Rules)"
236,https://codeforces.com/contest/236/status,Codeforces Round #146 (Div. 2)
237,https://codeforces.com/contest/237/status,Codeforces Round #147 (Div. 2)
239,https://codeforces.com/contest/239/status,Codeforces Round #148 (Div. 2)
242,https://codeforces.com/contest/242/status,Codeforces Round #149 (Div. 2)
244,https://codeforces.com/contest/244/status,Codeforces Round #150 (Div. 2)
246,https://codeforces.com/contest/246/status,Codeforces Round #151 (Div. 2)
248,https://codeforces.com/contest/248/status,Codeforces Round #152 (Div. 2)
250,https://codeforces.com/contest/250/status,"CROC-MBTU 2012, Final Round (Online version, Div. 2)"
102,https://codeforces.com/contest/102/status,Codeforces Beta Round #79 (Div. 2 Only)
104,https://codeforces.com/contest/104/status,Codeforces Beta Round #80 (Div. 2 Only)
106,https://codeforces.com/contest/106/status,Codeforces Beta Round #82 (Div. 2)
108,https://codeforces.com/contest/108/status,Codeforces Beta Round #83 (Div. 2 Only)
110,https://codeforces.com/contest/110/status,Codeforces Beta Round #84 (Div. 2 Only)
112,https://codeforces.com/contest/112/status,Codeforces Beta Round #85 (Div. 2 Only)
114,https://codeforces.com/contest/114/status,Codeforces Beta Round #86 (Div. 2 Only)
116,https://codeforces.com/contest/116/status,Codeforces Beta Round #87 (Div. 2 Only)
118,https://codeforces.com/contest/118/status,Codeforces Beta Round #89 (Div. 2)
122,https://codeforces.com/contest/122/status,Codeforces Beta Round #91 (Div. 2 Only)
124,https://codeforces.com/contest/124/status,Codeforces Beta Round #92 (Div. 2 Only)
127,https://codeforces.com/contest/127/status,Codeforces Beta Round #93 (Div. 2 Only)
129,https://codeforces.com/contest/129/status,Codeforces Beta Round #94 (Div. 2 Only)
131,https://codeforces.com/contest/131/status,Codeforces Beta Round #95 (Div. 2)
133,https://codeforces.com/contest/133/status,Codeforces Beta Round #96 (Div. 2)
136,https://codeforces.com/contest/136/status,Codeforces Beta Round #97 (Div. 2)
137,https://codeforces.com/contest/137/status,Codeforces Beta Round #98 (Div. 2)
139,https://codeforces.com/contest/139/status,Codeforces Beta Round #99 (Div. 2)
141,https://codeforces.com/contest/141/status,Codeforces Round #101 (Div. 2)
143,https://codeforces.com/contest/143/status,Codeforces Round #102 (Div. 2)
144,https://codeforces.com/contest/144/status,Codeforces Round #103 (Div. 2)
146,https://codeforces.com/contest/146/status,Codeforces Round #104 (Div. 2)
49,https://codeforces.com/contest/49/status,Codeforces Beta Round #46 (Div. 2)
53,https://codeforces.com/contest/53/status,Codeforces Beta Round #49 (Div. 2)
56,https://codeforces.com/contest/56/status,Codeforces Beta Round #52 (Div. 2)
58,https://codeforces.com/contest/58/status,Codeforces Beta Round #54 (Div. 2)
59,https://codeforces.com/contest/59/status,Codeforces Beta Round #55 (Div. 2)
61,https://codeforces.com/contest/61/status,Codeforces Beta Round #57 (Div. 2)
63,https://codeforces.com/contest/63/status,Codeforces Beta Round #59 (Div. 2)
66,https://codeforces.com/contest/66/status,Codeforces Beta Round #61 (Div. 2)
69,https://codeforces.com/contest/69/status,Codeforces Beta Round #63 (Div. 2)
71,https://codeforces.com/contest/71/status,Codeforces Beta Round #65 (Div. 2)
75,https://codeforces.com/contest/75/status,Codeforces Beta Round #67 (Div. 2)
78,https://codeforces.com/contest/78/status,Codeforces Beta Round #70 (Div. 2)
80,https://codeforces.com/contest/80/status,Codeforces Beta Round #69 (Div. 2 Only)
84,https://codeforces.com/contest/84/status,Codeforces Beta Round #72 (Div. 2 Only)
88,https://codeforces.com/contest/88/status,Codeforces Beta Round #73 (Div. 2 Only)
90,https://codeforces.com/contest/90/status,Codeforces Beta Round #74 (Div. 2 Only)
92,https://codeforces.com/contest/92/status,Codeforces Beta Round #75 (Div. 2 Only)
94,https://codeforces.com/contest/94/status,Codeforces Beta Round #76 (Div. 2 Only)
96,https://codeforces.com/contest/96/status,Codeforces Beta Round #77 (Div. 2 Only)
99,https://codeforces.com/contest/99/status,Codeforces Beta Round #78 (Div. 2 Only)
14,https://codeforces.com/contest/14/status,Codeforces Beta Round #14 (Div. 2)
16,https://codeforces.com/contest/16/status,Codeforces Beta Round #16 (Div. 2 Only)
18,https://codeforces.com/contest/18/status,Codeforces Beta Round #18 (Div. 2 Only)
22,https://codeforces.com/contest/22/status,Codeforces Beta Round #22 (Div. 2 Only)
25,https://codeforces.com/contest/25/status,Codeforces Beta Round #25 (Div. 2 Only)
27,https://codeforces.com/contest/27/status,"Codeforces Beta Round #27 (Codeforces format, Div. 2)"
29,https://codeforces.com/contest/29/status,"Codeforces Beta Round #29 (Div. 2, Codeforces format)"
31,https://codeforces.com/contest/31/status,"Codeforces Beta Round #31 (Div. 2, Codeforces format)"
32,https://codeforces.com/contest/32/status,"Codeforces Beta Round #32 (Div. 2, Codeforces format)"
34,https://codeforces.com/contest/34/status,Codeforces Beta Round #34 (Div. 2)
35,https://codeforces.com/contest/35/status,Codeforces Beta Round #35 (Div. 2)
4,https://codeforces.com/contest/4/status,Codeforces Beta Round #4 (Div. 2 Only)
41,https://codeforces.com/contest/41/status,Codeforces Beta Round #40 (Div. 2)
43,https://codeforces.com/contest/43/status,Codeforces Beta Round #42 (Div. 2)
47,https://codeforces.com/contest/47/status,Codeforces Beta Round #44 (Div. 2)
6,https://codeforces.com/contest/6/status,Codeforces Beta Round #6 (Div. 2 Only)
9,https://codeforces.com/contest/9/status,Codeforces Beta Round #9 (Div. 2 Only)
